<?xml version="1.0" encoding="UTF-8"?>
<tns:person xmlns:tns="http://mbaron.developpez.com/InfoPersoSchema" xmlns:xsi="http://www.w3.org/2001/XMLSchema-instance" xsi:schemaLocation="http://mbaron.developpez.com/InfoPersoSchema InfoPersoSchema.xsd " >
  <tns:name>BARON</tns:name>
  <tns:firstName>Mickael</tns:firstName>
  <tns:old>30</tns:old>
  <tns:email>baron.mickael@gmail.com</tns:email>
  <tns:childs>
  	<tns:child tns:remark="He's too much" tns:old="3" tns:sexe="homme"/> 	
  </tns:childs>
</tns:person>
