<?xml version="1.0" encoding="UTF-8"?>
<perspective editorAreaTrimState="2" editorAreaVisible="1"
	fixed="0" version="0.016">
	<descriptor descriptor="eclipse.workbench.SaveLoadPerspectiveExample.perspective1"
		id="UnTest" label="UnTest" />
	<window height="742" width="1024" x="0" y="22" />
	<alwaysOnActionSet
		id="eclipse.workbench.SaveLoadPerspectiveExample.actionSet" />
	<alwaysOnActionSet id="org.eclipse.ui.actionSet.keyBindings" />
	<alwaysOnActionSet id="org.eclipse.ui.actionSet.openFiles" />
	<view id="org.eclipse.ui.views.ResourceNavigator" />
	<fastViewBars />
	<viewLayoutRec id="org.eclipse.ui.views.ResourceNavigator"
		showTitle="true" standalone="true" />
	<layout>
		<mainWindow>
			<info folder="true" part="org.eclipse.ui.internal.ViewStack@c8b6ee">
				<folder activePageID="org.eclipse.ui.views.ResourceNavigator"
					appearance="3" expanded="2">
					<page content="org.eclipse.ui.views.ResourceNavigator" label="Navigator" />
					<presentation
						id="org.eclipse.ui.presentations.WorkbenchPresentationFactory">
						<part id="0" />
					</presentation>
				</folder>
			</info>
			<info folder="true" part="stickyFolderRight" ratio="0.75"
				ratioLeft="762" ratioRight="254" relationship="2"
				relative="org.eclipse.ui.internal.ViewStack@c8b6ee">
				<folder appearance="2" expanded="2">
					<page content="org.eclipse.help.ui.HelpView" label="LabelNotFound" />
					<page content="org.eclipse.ui.internal.introview" label="LabelNotFound" />
					<page content="org.eclipse.ui.cheatsheets.views.CheatSheetView"
						label="LabelNotFound" />
				</folder>
			</info>
			<info part="org.eclipse.ui.editorss" ratio="0.3149062"
				ratioLeft="500" ratioRight="694" relationship="2"
				relative="org.eclipse.ui.internal.ViewStack@c8b6ee" />
		</mainWindow>
	</layout>
</perspective>